{
  "version": 6,
  "remember_area": true,
  "area": [
    919,
    1124,
    404,
    377
  ],
  "window": {
    "geometry": "745x1608+82+16",
    "topmost": true,
    "alpha": 0.95
  },
  "ocr": {
    "threshold": 225,
    "threshold_scope": 225,
    "threshold_body": 160,
    "interval": 0.49113300492610834,
    "scale": 3.0,
    "scope_roi": {
      "enabled": true,
      "x": 6,
      "y": 35,
      "w": 112,
      "h": 27
    }
  },
  "dedupe": {
    "use_similarity": true,
    "threshold": 0.9032019704433498,
    "history": 220
  },
  "iconmask": {
    "enabled": true,
    "mask_w": 33,
    "mask_h": 32,
    "kernel_w": 60,
    "kernel_h": 18,
    "min_area": 450,
    "merge_gap": 10,
    "use_bubble": true,
    "bubble_v_min": 190,
    "bubble_s_max": 90,
    "bubble_kernel_w": 35,
    "bubble_kernel_h": 21,
    "bubble_min_area": 1600,
    "bubble_pad": 2
  },
  "log": {
    "retention_notify_minutes": 120,
    "retention_keyword_minutes": 30,
    "retention_other_minutes": 5,
    "retention_notify_infinite": false,
    "retention_keyword_infinite": false,
    "retention_other_infinite": false,
    "font_size": 8,
    "line_spacing": 0,
    "card_gap": 0,
    "display_format": "full",
    "exclude_self_enabled": true,
    "exclude_self_name": "Defoco"
  },
  "sound": {
    "enabled": true,
    "keyword_ignore_spaces": true,
    "kana_variants": true,
    "scope_enabled": {
      "[ワールド]": false,
      "[ギルド]": true,
      "[パーティ]": false,
      "[チャネル]": false
    },
    "scope_file": {
      "[ワールド]": "",
      "[ギルド]": "guild.wav",
      "[パーティ]": "",
      "[チャネル]": ""
    },
    "keyword_rules": [
      {
        "keyword": "なぽ",
        "sound": "keyword.wav",
        "enabled": true
      },
      {
        "keyword": "なっぽ",
        "sound": "keyword.wav",
        "enabled": true
      }
    ]
  }
}